"date","health_board_code","health_board_name","specialism","daily_beds_available","daily_beds_occupied","beds_occupancy_rate"
"Jan-21","7A6","Aneurin Bevan University Health Board","all_specialties",1835.919998,1365.389997,74.3709
"Feb-21","7A6","Aneurin Bevan University Health Board","all_specialties",1673.900005,1242.589997,74.2332
"Mar-21","7A6","Aneurin Bevan University Health Board","all_specialties",1855.889997,1318.299987,71.0333
"Apr-21","7A6","Aneurin Bevan University Health Board","all_specialties",1815.390019,1306.419996,71.9636
"May-21","7A6","Aneurin Bevan University Health Board","all_specialties",1836.240008,1354.490008,73.7643
"Jun-21","7A6","Aneurin Bevan University Health Board","all_specialties",1871.440007,1332.200011,71.1858
"Jul-21","7A6","Aneurin Bevan University Health Board","all_specialties",1940.500002,1393.280005,71.8001
"Aug-21","7A6","Aneurin Bevan University Health Board","all_specialties",1799.729993,1311.569991,72.8759
"Sep-21","7A6","Aneurin Bevan University Health Board","all_specialties",1922.879995,1345.599991,69.9784
"Oct-21","7A6","Aneurin Bevan University Health Board","all_specialties",1842.150011,1406.089998,76.3287
"Nov-21","7A6","Aneurin Bevan University Health Board","all_specialties",1841.129997,1436.760003,78.0369
"Dec-21","7A6","Aneurin Bevan University Health Board","all_specialties",1819.219998,1392.530007,76.5454
"Jan-22","7A6","Aneurin Bevan University Health Board","all_specialties",1825.620005,1442.859999,79.034
"Feb-22","7A6","Aneurin Bevan University Health Board","all_specialties",1813.490007,1406.660009,77.5665
"Mar-22","7A6","Aneurin Bevan University Health Board","all_specialties",1788.710008,1407.819993,78.7059
"Jan-21","7A6","Aneurin Bevan University Health Board","geriatric_medicine",423.650008,354.090004,83.5808
"Feb-21","7A6","Aneurin Bevan University Health Board","geriatric_medicine",402.520005,334.960004,83.2157
"Mar-21","7A6","Aneurin Bevan University Health Board","geriatric_medicine",449.96,365.649993,81.2628
"Apr-21","7A6","Aneurin Bevan University Health Board","geriatric_medicine",462.340011,355.430003,76.8763
"May-21","7A6","Aneurin Bevan University Health Board","geriatric_medicine",463.579998,372.360005,80.3227
"Jun-21","7A6","Aneurin Bevan University Health Board","geriatric_medicine",452.440002,369.970004,81.7722
"Jul-21","7A6","Aneurin Bevan University Health Board","geriatric_medicine",467.370008,383.340003,82.0207
"Aug-21","7A6","Aneurin Bevan University Health Board","geriatric_medicine",426.869997,350.029988,81.9992
"Sep-21","7A6","Aneurin Bevan University Health Board","geriatric_medicine",442.939999,357.869997,80.7942
"Oct-21","7A6","Aneurin Bevan University Health Board","geriatric_medicine",468.330005,399.220002,85.2433
"Nov-21","7A6","Aneurin Bevan University Health Board","geriatric_medicine",487.909996,432.030004,88.5471
"Dec-21","7A6","Aneurin Bevan University Health Board","geriatric_medicine",477.910007,414.480001,86.7276
"Jan-22","7A6","Aneurin Bevan University Health Board","geriatric_medicine",533.420005,472.520003,88.5831
"Feb-22","7A6","Aneurin Bevan University Health Board","geriatric_medicine",505.950005,452.560005,89.4476
"Mar-22","7A6","Aneurin Bevan University Health Board","geriatric_medicine",493.250015,434.549994,88.0993
"Jan-21","7A6","Aneurin Bevan University Health Board","maternity",89.709999,32.67,36.4173
"Feb-21","7A6","Aneurin Bevan University Health Board","maternity",79.63,31.199999,39.1812
"Mar-21","7A6","Aneurin Bevan University Health Board","maternity",89.97,32.100001,35.6786
"Apr-21","7A6","Aneurin Bevan University Health Board","maternity",86.36,28.790001,33.3372
"May-21","7A6","Aneurin Bevan University Health Board","maternity",83.840001,24.99,29.8068
"Jun-21","7A6","Aneurin Bevan University Health Board","maternity",82.73,28.259999,34.1593
"Jul-21","7A6","Aneurin Bevan University Health Board","maternity",88.329998,29.900001,33.8503
"Aug-21","7A6","Aneurin Bevan University Health Board","maternity",82.780001,25.550001,30.8649
"Sep-21","7A6","Aneurin Bevan University Health Board","maternity",81.8,25.91,31.6748
"Oct-21","7A6","Aneurin Bevan University Health Board","maternity",63.159999,28.6,45.2818
"Nov-21","7A6","Aneurin Bevan University Health Board","maternity",58.260002,26.730001,45.8805
"Dec-21","7A6","Aneurin Bevan University Health Board","maternity",55.939999,31.29,55.9349
"Jan-22","7A6","Aneurin Bevan University Health Board","maternity",58.159999,26.609999,45.7531
"Feb-22","7A6","Aneurin Bevan University Health Board","maternity",57.96,30.85,53.2264
"Mar-22","7A6","Aneurin Bevan University Health Board","maternity",56.160001,24.9,44.3376
"Jan-21","7A6","Aneurin Bevan University Health Board","medical_acute",791.999993,599.629995,75.7109
"Feb-21","7A6","Aneurin Bevan University Health Board","medical_acute",692.010002,507.999995,73.4093
"Mar-21","7A6","Aneurin Bevan University Health Board","medical_acute",752.339996,530.989997,70.5785
"Apr-21","7A6","Aneurin Bevan University Health Board","medical_acute",720.190009,542.599994,75.3412
"May-21","7A6","Aneurin Bevan University Health Board","medical_acute",738.210007,562.040003,76.1355
"Jun-21","7A6","Aneurin Bevan University Health Board","medical_acute",737.150005,534.190005,72.4669
"Jul-21","7A6","Aneurin Bevan University Health Board","medical_acute",762.989994,553.219996,72.5068
"Aug-21","7A6","Aneurin Bevan University Health Board","medical_acute",748.559991,543.380003,72.59
"Sep-21","7A6","Aneurin Bevan University Health Board","medical_acute",769.249999,553.599995,71.9662
"Oct-21","7A6","Aneurin Bevan University Health Board","medical_acute",737.620008,579.729997,78.5947
"Nov-21","7A6","Aneurin Bevan University Health Board","medical_acute",721.450002,578.289999,80.1566
"Dec-21","7A6","Aneurin Bevan University Health Board","medical_acute",720.739993,561.590006,77.9185
"Jan-22","7A6","Aneurin Bevan University Health Board","medical_acute",683.899997,565.96,82.7548
"Feb-22","7A6","Aneurin Bevan University Health Board","medical_acute",695.660001,562.200006,80.8153
"Mar-22","7A6","Aneurin Bevan University Health Board","medical_acute",692.479993,553.330001,79.9056
"Jan-21","7A6","Aneurin Bevan University Health Board","mental_illness",188,142.139998,75.6064
"Feb-21","7A6","Aneurin Bevan University Health Board","mental_illness",188,151.860001,80.7766
"Mar-21","7A6","Aneurin Bevan University Health Board","mental_illness",188.03,142.999999,76.0517
"Apr-21","7A6","Aneurin Bevan University Health Board","mental_illness",188,135.689998,72.1755
"May-21","7A6","Aneurin Bevan University Health Board","mental_illness",188,147.900002,78.6702
"Jun-21","7A6","Aneurin Bevan University Health Board","mental_illness",188.030001,145.690001,77.4823
"Jul-21","7A6","Aneurin Bevan University Health Board","mental_illness",188,149.770002,79.6649
"Aug-21","7A6","Aneurin Bevan University Health Board","mental_illness",188.06,157.000002,83.484
"Sep-21","7A6","Aneurin Bevan University Health Board","mental_illness",188.200001,156.229999,83.0128
"Oct-21","7A6","Aneurin Bevan University Health Board","mental_illness",188,157.090001,83.5585
"Nov-21","7A6","Aneurin Bevan University Health Board","mental_illness",188,152.799998,81.2766
"Dec-21","7A6","Aneurin Bevan University Health Board","mental_illness",188.1,151.730001,80.6645
"Jan-22","7A6","Aneurin Bevan University Health Board","mental_illness",188.03,144.869998,77.0462
"Feb-22","7A6","Aneurin Bevan University Health Board","mental_illness",188,137.53,73.1543
"Mar-22","7A6","Aneurin Bevan University Health Board","mental_illness",188,145.199999,77.234
"Jan-21","7A6","Aneurin Bevan University Health Board","surgical_acute",272.499998,188,68.9908
"Feb-21","7A6","Aneurin Bevan University Health Board","surgical_acute",249.619997,173.729999,69.5978
"Mar-21","7A6","Aneurin Bevan University Health Board","surgical_acute",310.830003,197.599999,63.5717
"Apr-21","7A6","Aneurin Bevan University Health Board","surgical_acute",293.979999,193.460001,65.8072
"May-21","7A6","Aneurin Bevan University Health Board","surgical_acute",295.180001,190.680001,64.5979
"Jun-21","7A6","Aneurin Bevan University Health Board","surgical_acute",336.45,189.630003,56.362
"Jul-21","7A6","Aneurin Bevan University Health Board","surgical_acute",356.780002,211.850003,59.3783
"Aug-21","7A6","Aneurin Bevan University Health Board","surgical_acute",284.900003,178.559998,62.6746
"Sep-21","7A6","Aneurin Bevan University Health Board","surgical_acute",372.409998,195.999999,52.6302
"Oct-21","7A6","Aneurin Bevan University Health Board","surgical_acute",317.259998,185.959999,58.6144
"Nov-21","7A6","Aneurin Bevan University Health Board","surgical_acute",318.789997,189.670001,59.4968
"Dec-21","7A6","Aneurin Bevan University Health Board","surgical_acute",307.439999,171.52,55.7897
"Jan-22","7A6","Aneurin Bevan University Health Board","surgical_acute",293.890003,170.519999,58.0217
"Feb-22","7A6","Aneurin Bevan University Health Board","surgical_acute",301.380001,164.479998,54.5756
"Mar-22","7A6","Aneurin Bevan University Health Board","surgical_acute",291.399999,189.799998,65.1338
"Jan-21","7A1","Betsi Cadwaladr University Health Board","all_specialties",1980.479995,1641.449997,82.8814
"Feb-21","7A1","Betsi Cadwaladr University Health Board","all_specialties",2030.60001,1650.290019,81.2711
"Mar-21","7A1","Betsi Cadwaladr University Health Board","all_specialties",1954.500005,1669.210006,85.4034
"Apr-21","7A1","Betsi Cadwaladr University Health Board","all_specialties",1988.199983,1670.249998,84.0081
"May-21","7A1","Betsi Cadwaladr University Health Board","all_specialties",1965.590003,1720.679998,87.5401
"Jun-21","7A1","Betsi Cadwaladr University Health Board","all_specialties",1967.099999,1723.899997,87.6366
"Jul-21","7A1","Betsi Cadwaladr University Health Board","all_specialties",2014.900004,1718.110005,85.2702
"Aug-21","7A1","Betsi Cadwaladr University Health Board","all_specialties",2013.299993,1768.399993,87.8359
"Sep-21","7A1","Betsi Cadwaladr University Health Board","all_specialties",2014.700004,1745.510006,86.6387
"Oct-21","7A1","Betsi Cadwaladr University Health Board","all_specialties",2025.850002,1764.299994,87.0894
"Nov-21","7A1","Betsi Cadwaladr University Health Board","all_specialties",2017.420008,1780.620002,88.2622
"Dec-21","7A1","Betsi Cadwaladr University Health Board","all_specialties",2084.499989,1758.319995,84.3521
"Jan-22","7A1","Betsi Cadwaladr University Health Board","all_specialties",2084.20001,1788.900005,85.8315
"Feb-22","7A1","Betsi Cadwaladr University Health Board","all_specialties",2100.199994,1698.39999,80.8685
"Mar-22","7A1","Betsi Cadwaladr University Health Board","all_specialties",2107.329995,1833.199996,86.9916
"Jan-21","7A1","Betsi Cadwaladr University Health Board","geriatric_medicine",378.009996,298.399998,78.9397
"Feb-21","7A1","Betsi Cadwaladr University Health Board","geriatric_medicine",368.700001,308.200005,83.591
"Mar-21","7A1","Betsi Cadwaladr University Health Board","geriatric_medicine",382.300001,350.300002,91.6296
"Apr-21","7A1","Betsi Cadwaladr University Health Board","geriatric_medicine",390.100002,361.8,92.7454
"May-21","7A1","Betsi Cadwaladr University Health Board","geriatric_medicine",372.790002,359.900003,96.5423
"Jun-21","7A1","Betsi Cadwaladr University Health Board","geriatric_medicine",375.999998,362.499996,96.4096
"Jul-21","7A1","Betsi Cadwaladr University Health Board","geriatric_medicine",379.199999,362.199999,95.5169
"Aug-21","7A1","Betsi Cadwaladr University Health Board","geriatric_medicine",392.399998,372.9,95.0306
"Sep-21","7A1","Betsi Cadwaladr University Health Board","geriatric_medicine",369.7,336.799999,91.1009
"Oct-21","7A1","Betsi Cadwaladr University Health Board","geriatric_medicine",411.749997,380.199996,92.3376
"Nov-21","7A1","Betsi Cadwaladr University Health Board","geriatric_medicine",411.500001,384.700003,93.4872
"Dec-21","7A1","Betsi Cadwaladr University Health Board","geriatric_medicine",433,393.299996,90.8314
"Jan-22","7A1","Betsi Cadwaladr University Health Board","geriatric_medicine",418.6,399.600001,95.4611
"Feb-22","7A1","Betsi Cadwaladr University Health Board","geriatric_medicine",386.499998,347.499996,89.9094
"Mar-22","7A1","Betsi Cadwaladr University Health Board","geriatric_medicine",396.829999,373.800003,94.1965
"Jan-21","7A1","Betsi Cadwaladr University Health Board","maternity",63.220002,34.3,54.255
"Feb-21","7A1","Betsi Cadwaladr University Health Board","maternity",75.200001,40.4,53.7234
"Mar-21","7A1","Betsi Cadwaladr University Health Board","maternity",74.699999,46.070001,61.6734
"Apr-21","7A1","Betsi Cadwaladr University Health Board","maternity",76.599999,36.699999,47.9112
"May-21","7A1","Betsi Cadwaladr University Health Board","maternity",76.400001,44.199999,57.8534
"Jun-21","7A1","Betsi Cadwaladr University Health Board","maternity",75.6,46.6,61.6402
"Jul-21","7A1","Betsi Cadwaladr University Health Board","maternity",73.9,46.1,62.3816
"Aug-21","7A1","Betsi Cadwaladr University Health Board","maternity",72.3,46.5,64.3154
"Sep-21","7A1","Betsi Cadwaladr University Health Board","maternity",75.9,49.200001,64.8221
"Oct-21","7A1","Betsi Cadwaladr University Health Board","maternity",73.999999,46.5,62.8378
"Nov-21","7A1","Betsi Cadwaladr University Health Board","maternity",75.400002,44,58.3554
"Dec-21","7A1","Betsi Cadwaladr University Health Board","maternity",72.300001,44.27,61.231
"Jan-22","7A1","Betsi Cadwaladr University Health Board","maternity",78.400002,48.4,61.7347
"Feb-22","7A1","Betsi Cadwaladr University Health Board","maternity",73.999999,43.799999,59.1892
"Mar-22","7A1","Betsi Cadwaladr University Health Board","maternity",70.5,40.200001,57.0213
"Jan-21","7A1","Betsi Cadwaladr University Health Board","medical_acute",857.599993,753.199997,87.8265
"Feb-21","7A1","Betsi Cadwaladr University Health Board","medical_acute",915.700004,751.300009,82.0465
"Mar-21","7A1","Betsi Cadwaladr University Health Board","medical_acute",891.500005,720.400001,80.8076
"Apr-21","7A1","Betsi Cadwaladr University Health Board","medical_acute",856.499989,705.599999,82.3818
"May-21","7A1","Betsi Cadwaladr University Health Board","medical_acute",827.599994,732.299996,88.4848
"Jun-21","7A1","Betsi Cadwaladr University Health Board","medical_acute",838.399997,721.099994,86.0091
"Jul-21","7A1","Betsi Cadwaladr University Health Board","medical_acute",867.900001,726.880003,83.7516
"Aug-21","7A1","Betsi Cadwaladr University Health Board","medical_acute",837.299997,756.6,90.3619
"Sep-21","7A1","Betsi Cadwaladr University Health Board","medical_acute",882.000003,761.710004,86.3617
"Oct-21","7A1","Betsi Cadwaladr University Health Board","medical_acute",824.4,736.799994,89.3741
"Nov-21","7A1","Betsi Cadwaladr University Health Board","medical_acute",845.120004,749.099995,88.6383
"Dec-21","7A1","Betsi Cadwaladr University Health Board","medical_acute",886.79999,747.949997,84.3426
"Jan-22","7A1","Betsi Cadwaladr University Health Board","medical_acute",902.100009,758.200003,84.0483
"Feb-22","7A1","Betsi Cadwaladr University Health Board","medical_acute",925.100003,757.499998,81.883
"Mar-22","7A1","Betsi Cadwaladr University Health Board","medical_acute",937.299997,819.299994,87.4106
"Jan-21","7A1","Betsi Cadwaladr University Health Board","mental_illness",232.500004,206.6,88.8602
"Feb-21","7A1","Betsi Cadwaladr University Health Board","mental_illness",239.799998,212.900002,88.7823
"Mar-21","7A1","Betsi Cadwaladr University Health Board","mental_illness",232,215.300001,92.8017
"Apr-21","7A1","Betsi Cadwaladr University Health Board","mental_illness",243.699996,216.500002,88.8387
"May-21","7A1","Betsi Cadwaladr University Health Board","mental_illness",234.900001,211.900001,90.2086
"Jun-21","7A1","Betsi Cadwaladr University Health Board","mental_illness",232.4,216.2,93.0293
"Jul-21","7A1","Betsi Cadwaladr University Health Board","mental_illness",240.400001,208.800002,86.8552
"Aug-21","7A1","Betsi Cadwaladr University Health Board","mental_illness",250.000001,209.399997,83.76
"Sep-21","7A1","Betsi Cadwaladr University Health Board","mental_illness",242.899998,207.7,85.5084
"Oct-21","7A1","Betsi Cadwaladr University Health Board","mental_illness",236.8,206.599999,87.2466
"Nov-21","7A1","Betsi Cadwaladr University Health Board","mental_illness",244.7,210.900001,86.1872
"Dec-21","7A1","Betsi Cadwaladr University Health Board","mental_illness",240.099998,209.4,87.2137
"Jan-22","7A1","Betsi Cadwaladr University Health Board","mental_illness",245.100001,208.1,84.9041
"Feb-22","7A1","Betsi Cadwaladr University Health Board","mental_illness",244.199998,199.699999,81.7772
"Mar-22","7A1","Betsi Cadwaladr University Health Board","mental_illness",243,218.199999,89.7942
"Jan-21","7A1","Betsi Cadwaladr University Health Board","surgical_acute",299.649998,234.75,78.3414
"Feb-21","7A1","Betsi Cadwaladr University Health Board","surgical_acute",291.300004,214.890002,73.7693
"Mar-21","7A1","Betsi Cadwaladr University Health Board","surgical_acute",240.600001,216.300002,89.9002
"Apr-21","7A1","Betsi Cadwaladr University Health Board","surgical_acute",270.499996,228.549997,84.4917
"May-21","7A1","Betsi Cadwaladr University Health Board","surgical_acute",310.200005,251.4,81.0445
"Jun-21","7A1","Betsi Cadwaladr University Health Board","surgical_acute",304.800003,258.900007,84.9409
"Jul-21","7A1","Betsi Cadwaladr University Health Board","surgical_acute",297.100001,244.630001,82.3393
"Aug-21","7A1","Betsi Cadwaladr University Health Board","surgical_acute",311.399996,252.999995,81.246
"Sep-21","7A1","Betsi Cadwaladr University Health Board","surgical_acute",293.000002,257.300001,87.8157
"Oct-21","7A1","Betsi Cadwaladr University Health Board","surgical_acute",323.200005,257.200004,79.5792
"Nov-21","7A1","Betsi Cadwaladr University Health Board","surgical_acute",286.2,256.420002,89.5947
"Dec-21","7A1","Betsi Cadwaladr University Health Board","surgical_acute",304.299999,239.8,78.8038
"Jan-22","7A1","Betsi Cadwaladr University Health Board","surgical_acute",279.3,233.400002,83.5661
"Feb-22","7A1","Betsi Cadwaladr University Health Board","surgical_acute",312.699998,218.299998,69.8113
"Mar-22","7A1","Betsi Cadwaladr University Health Board","surgical_acute",295.699999,238.799999,80.7575
"Jan-21","7A4","Cardiff and Vale University Health Board","all_specialties",1936.890008,1290.309993,66.6176
"Feb-21","7A4","Cardiff and Vale University Health Board","all_specialties",1992.800024,1304.380011,65.4546
"Mar-21","7A4","Cardiff and Vale University Health Board","all_specialties",1962.359985,1310.570013,66.7854
"Apr-21","7A4","Cardiff and Vale University Health Board","all_specialties",1907.759992,1331.979998,69.8191
"May-21","7A4","Cardiff and Vale University Health Board","all_specialties",1702.419998,1342.849992,78.8789
"Jun-21","7A4","Cardiff and Vale University Health Board","all_specialties",1702.369991,1375.839994,80.8191
"Jul-21","7A4","Cardiff and Vale University Health Board","all_specialties",1708.24,1400.46,81.9826
"Aug-21","7A4","Cardiff and Vale University Health Board","all_specialties",1730.719993,1383.24,79.9228
"Sep-21","7A4","Cardiff and Vale University Health Board","all_specialties",1726.220018,1418.100012,82.1506
"Oct-21","7A4","Cardiff and Vale University Health Board","all_specialties",1743.010009,1437.449992,82.4694
"Nov-21","7A4","Cardiff and Vale University Health Board","all_specialties",1781.829992,1484.539986,83.3155
"Dec-21","7A4","Cardiff and Vale University Health Board","all_specialties",1774.460027,1464.989997,82.5598
"Jan-22","7A4","Cardiff and Vale University Health Board","all_specialties",1836.460006,1511.229992,82.2904
"Feb-22","7A4","Cardiff and Vale University Health Board","all_specialties",1829.610002,1542.269987,84.295
"Mar-22","7A4","Cardiff and Vale University Health Board","all_specialties",1819.850005,1510.209987,82.9854
"Jan-21","7A4","Cardiff and Vale University Health Board","geriatric_medicine",66.569999,47.830001,71.8492
"Feb-21","7A4","Cardiff and Vale University Health Board","geriatric_medicine",79.68,58.18,73.0171
"Mar-21","7A4","Cardiff and Vale University Health Board","geriatric_medicine",70.300001,63.619998,90.4979
"Apr-21","7A4","Cardiff and Vale University Health Board","geriatric_medicine",70.73,61.299998,86.6676
"May-21","7A4","Cardiff and Vale University Health Board","geriatric_medicine",67.870001,59.130001,87.1224
"Jun-21","7A4","Cardiff and Vale University Health Board","geriatric_medicine",70.76,67.93,96.0006
"Jul-21","7A4","Cardiff and Vale University Health Board","geriatric_medicine",64.51,64.51,100
"Aug-21","7A4","Cardiff and Vale University Health Board","geriatric_medicine",62.059998,60.929999,98.1792
"Sep-21","7A4","Cardiff and Vale University Health Board","geriatric_medicine",67.660002,67.200001,99.3201
"Oct-21","7A4","Cardiff and Vale University Health Board","geriatric_medicine",77.639999,76.45,98.4673
"Nov-21","7A4","Cardiff and Vale University Health Board","geriatric_medicine",76.67,76.269999,99.4783
"Dec-21","7A4","Cardiff and Vale University Health Board","geriatric_medicine",73.609998,73.029998,99.2121
"Jan-22","7A4","Cardiff and Vale University Health Board","geriatric_medicine",67.26,66.35,98.647
"Feb-22","7A4","Cardiff and Vale University Health Board","geriatric_medicine",68.830002,68.400002,99.3753
"Mar-22","7A4","Cardiff and Vale University Health Board","geriatric_medicine",63.770001,62.870001,98.5887
"Jan-21","7A4","Cardiff and Vale University Health Board","maternity",84.1,32.870001,39.0844
"Feb-21","7A4","Cardiff and Vale University Health Board","maternity",82.709999,38.61,46.6812
"Mar-21","7A4","Cardiff and Vale University Health Board","maternity",82.030001,33.16,40.4242
"Apr-21","7A4","Cardiff and Vale University Health Board","maternity",81.400002,37.26,45.774
"May-21","7A4","Cardiff and Vale University Health Board","maternity",63.319999,38.29,60.4706
"Jun-21","7A4","Cardiff and Vale University Health Board","maternity",64.169999,39.019999,60.8072
"Jul-21","7A4","Cardiff and Vale University Health Board","maternity",68.33,38.910001,56.9442
"Aug-21","7A4","Cardiff and Vale University Health Board","maternity",77.030001,37.710001,48.955
"Sep-21","7A4","Cardiff and Vale University Health Board","maternity",64.000001,37.260002,58.2188
"Oct-21","7A4","Cardiff and Vale University Health Board","maternity",65.87,40.8,61.9402
"Nov-21","7A4","Cardiff and Vale University Health Board","maternity",75.300001,42.200001,56.0425
"Dec-21","7A4","Cardiff and Vale University Health Board","maternity",76.419998,42.679998,55.8493
"Jan-22","7A4","Cardiff and Vale University Health Board","maternity",74.840002,37.870001,50.6013
"Feb-22","7A4","Cardiff and Vale University Health Board","maternity",77.529999,34.680001,44.7311
"Mar-22","7A4","Cardiff and Vale University Health Board","maternity",75.250002,41.87,55.6412
"Jan-21","7A4","Cardiff and Vale University Health Board","medical_acute",1048.079997,766.319994,73.1166
"Feb-21","7A4","Cardiff and Vale University Health Board","medical_acute",1098.680015,764.100008,69.5471
"Mar-21","7A4","Cardiff and Vale University Health Board","medical_acute",1044.509996,684.610017,65.5437
"Apr-21","7A4","Cardiff and Vale University Health Board","medical_acute",965.48999,652.319991,67.5636
"May-21","7A4","Cardiff and Vale University Health Board","medical_acute",873.940004,674.269997,77.1529
"Jun-21","7A4","Cardiff and Vale University Health Board","medical_acute",878.059993,687.619997,78.3113
"Jul-21","7A4","Cardiff and Vale University Health Board","medical_acute",887.289997,723.95999,81.5923
"Aug-21","7A4","Cardiff and Vale University Health Board","medical_acute",892.589994,718.809996,80.5308
"Sep-21","7A4","Cardiff and Vale University Health Board","medical_acute",886.890021,735.650007,82.9472
"Oct-21","7A4","Cardiff and Vale University Health Board","medical_acute",887.950006,754.899989,85.016
"Nov-21","7A4","Cardiff and Vale University Health Board","medical_acute",937.989985,814.479988,86.8325
"Dec-21","7A4","Cardiff and Vale University Health Board","medical_acute",926.310021,792.620006,85.5675
"Jan-22","7A4","Cardiff and Vale University Health Board","medical_acute",989.700001,846.019992,85.4825
"Feb-22","7A4","Cardiff and Vale University Health Board","medical_acute",992.739999,856.739982,86.3005
"Mar-22","7A4","Cardiff and Vale University Health Board","medical_acute",987.640003,835.229988,84.5683
"Jan-21","7A4","Cardiff and Vale University Health Board","mental_illness",280.000006,195.03,69.6536
"Feb-21","7A4","Cardiff and Vale University Health Board","mental_illness",280.220001,196.230002,70.0271
"Mar-21","7A4","Cardiff and Vale University Health Board","mental_illness",280.929993,210.930002,75.0828
"Apr-21","7A4","Cardiff and Vale University Health Board","mental_illness",287.999996,217.260003,75.4375
"May-21","7A4","Cardiff and Vale University Health Board","mental_illness",250.739998,221.089996,88.175
"Jun-21","7A4","Cardiff and Vale University Health Board","mental_illness",250.000002,226.869999,90.748
"Jul-21","7A4","Cardiff and Vale University Health Board","mental_illness",251.420002,220.030001,87.5149
"Aug-21","7A4","Cardiff and Vale University Health Board","mental_illness",251.920002,228.310004,90.628
"Sep-21","7A4","Cardiff and Vale University Health Board","mental_illness",253.999998,239.129998,94.1457
"Oct-21","7A4","Cardiff and Vale University Health Board","mental_illness",258.449997,224.020001,86.6783
"Nov-21","7A4","Cardiff and Vale University Health Board","mental_illness",254.539997,228.89,89.923
"Dec-21","7A4","Cardiff and Vale University Health Board","mental_illness",254.940005,234.379994,91.9354
"Jan-22","7A4","Cardiff and Vale University Health Board","mental_illness",248.330003,212.879997,85.7246
"Feb-22","7A4","Cardiff and Vale University Health Board","mental_illness",238.070001,217.93,91.5403
"Mar-22","7A4","Cardiff and Vale University Health Board","mental_illness",236.580001,214.79,90.7896
"Jan-21","7A4","Cardiff and Vale University Health Board","surgical_acute",428.660006,236.809997,55.2442
"Feb-21","7A4","Cardiff and Vale University Health Board","surgical_acute",421.260008,232.33,55.1512
"Mar-21","7A4","Cardiff and Vale University Health Board","surgical_acute",449.269995,301.699997,67.1534
"Apr-21","7A4","Cardiff and Vale University Health Board","surgical_acute",473.610004,347.810006,73.4381
"May-21","7A4","Cardiff and Vale University Health Board","surgical_acute",418.999997,333.619997,79.6229
"Jun-21","7A4","Cardiff and Vale University Health Board","surgical_acute",414.049997,337.829999,81.5916
"Jul-21","7A4","Cardiff and Vale University Health Board","surgical_acute",412.95,335.860006,81.3319
"Aug-21","7A4","Cardiff and Vale University Health Board","surgical_acute",424.349999,320.58,75.5461
"Sep-21","7A4","Cardiff and Vale University Health Board","surgical_acute",429.339997,322.130004,75.0291
"Oct-21","7A4","Cardiff and Vale University Health Board","surgical_acute",427.230007,323.700002,75.7672
"Nov-21","7A4","Cardiff and Vale University Health Board","surgical_acute",413.830009,306.199998,73.9917
"Dec-21","7A4","Cardiff and Vale University Health Board","surgical_acute",417.080004,304.86,73.0939
"Jan-22","7A4","Cardiff and Vale University Health Board","surgical_acute",435.459998,333.920003,76.6821
"Feb-22","7A4","Cardiff and Vale University Health Board","surgical_acute",429.65,348.590001,81.1335
"Mar-22","7A4","Cardiff and Vale University Health Board","surgical_acute",432.999998,340.029997,78.5289
"Jan-21","7A5","Cwm Taf Morgannwg University Health Board","all_specialties",1725.620006,1319.44999,76.4624
"Feb-21","7A5","Cwm Taf Morgannwg University Health Board","all_specialties",1687.499999,1276.869997,75.6664
"Mar-21","7A5","Cwm Taf Morgannwg University Health Board","all_specialties",1699.200015,1251.770004,73.6682
"Apr-21","7A5","Cwm Taf Morgannwg University Health Board","all_specialties",1715.150001,1286.620008,75.015
"May-21","7A5","Cwm Taf Morgannwg University Health Board","all_specialties",1705.600003,1303.950002,76.4511
"Jun-21","7A5","Cwm Taf Morgannwg University Health Board","all_specialties",1696.090006,1292.03,76.177
"Jul-21","7A5","Cwm Taf Morgannwg University Health Board","all_specialties",1700.629992,1330.299984,78.224
"Aug-21","7A5","Cwm Taf Morgannwg University Health Board","all_specialties",1707.060001,1355.549996,79.4085
"Sep-21","7A5","Cwm Taf Morgannwg University Health Board","all_specialties",1740.199998,1398.14999,80.3442
"Oct-21","7A5","Cwm Taf Morgannwg University Health Board","all_specialties",1719.31,1435.52001,83.494
"Nov-21","7A5","Cwm Taf Morgannwg University Health Board","all_specialties",1733.049997,1432.129993,82.6364
"Dec-21","7A5","Cwm Taf Morgannwg University Health Board","all_specialties",1731.109988,1375.469995,79.456
"Jan-22","7A5","Cwm Taf Morgannwg University Health Board","all_specialties",1734.519996,1428.989993,82.3853
"Feb-22","7A5","Cwm Taf Morgannwg University Health Board","all_specialties",1740.650001,1449.480005,83.2723
"Mar-22","7A5","Cwm Taf Morgannwg University Health Board","all_specialties",1673.059987,1409.179997,84.2277
"Jan-21","7A5","Cwm Taf Morgannwg University Health Board","geriatric_medicine",217.99,206.5,94.7291
"Feb-21","7A5","Cwm Taf Morgannwg University Health Board","geriatric_medicine",268.059999,260.999998,97.3663
"Mar-21","7A5","Cwm Taf Morgannwg University Health Board","geriatric_medicine",308.790005,282.890003,91.6124
"Apr-21","7A5","Cwm Taf Morgannwg University Health Board","geriatric_medicine",313.129997,303.27,96.8511
"May-21","7A5","Cwm Taf Morgannwg University Health Board","geriatric_medicine",313.010002,301.840004,96.4314
"Jun-21","7A5","Cwm Taf Morgannwg University Health Board","geriatric_medicine",322.200005,311.360001,96.6356
"Jul-21","7A5","Cwm Taf Morgannwg University Health Board","geriatric_medicine",341.359993,328.689995,96.2884
"Aug-21","7A5","Cwm Taf Morgannwg University Health Board","geriatric_medicine",335.800003,329.769997,98.2043
"Sep-21","7A5","Cwm Taf Morgannwg University Health Board","geriatric_medicine",354.5,339.989998,95.9069
"Oct-21","7A5","Cwm Taf Morgannwg University Health Board","geriatric_medicine",354.769997,345.099991,97.2743
"Nov-21","7A5","Cwm Taf Morgannwg University Health Board","geriatric_medicine",351.469997,338.069995,96.1874
"Dec-21","7A5","Cwm Taf Morgannwg University Health Board","geriatric_medicine",342.419998,323.609993,94.5067
"Jan-22","7A5","Cwm Taf Morgannwg University Health Board","geriatric_medicine",352.65,347.029998,98.4064
"Feb-22","7A5","Cwm Taf Morgannwg University Health Board","geriatric_medicine",381.96,377.110002,98.7302
"Mar-22","7A5","Cwm Taf Morgannwg University Health Board","geriatric_medicine",364.639992,359.249993,98.5218
"Jan-21","7A5","Cwm Taf Morgannwg University Health Board","maternity",81.680002,31.100001,38.0754
"Feb-21","7A5","Cwm Taf Morgannwg University Health Board","maternity",77.340001,31.38,40.5741
"Mar-21","7A5","Cwm Taf Morgannwg University Health Board","maternity",76.749998,34.560001,45.0293
"Apr-21","7A5","Cwm Taf Morgannwg University Health Board","maternity",78.77,31.800001,40.3707
"May-21","7A5","Cwm Taf Morgannwg University Health Board","maternity",77.339999,28.69,37.0959
"Jun-21","7A5","Cwm Taf Morgannwg University Health Board","maternity",75.439998,34.17,45.2943
"Jul-21","7A5","Cwm Taf Morgannwg University Health Board","maternity",76.469998,33.739999,44.1219
"Aug-21","7A5","Cwm Taf Morgannwg University Health Board","maternity",79.799999,30.59,38.3333
"Sep-21","7A5","Cwm Taf Morgannwg University Health Board","maternity",80.739996,34.39,42.5935
"Oct-21","7A5","Cwm Taf Morgannwg University Health Board","maternity",78.169999,39.47,50.4925
"Nov-21","7A5","Cwm Taf Morgannwg University Health Board","maternity",77.219998,28.67,37.1277
"Dec-21","7A5","Cwm Taf Morgannwg University Health Board","maternity",80.399998,34.379999,42.7612
"Jan-22","7A5","Cwm Taf Morgannwg University Health Board","maternity",85.239999,32.77,38.4444
"Feb-22","7A5","Cwm Taf Morgannwg University Health Board","maternity",86.789999,30.25,34.8542
"Mar-22","7A5","Cwm Taf Morgannwg University Health Board","maternity",85.83,37.46,43.6444
"Jan-21","7A5","Cwm Taf Morgannwg University Health Board","medical_acute",882.939999,697.159988,78.9589
"Feb-21","7A5","Cwm Taf Morgannwg University Health Board","medical_acute",751.919996,581.25,77.3021
"Mar-21","7A5","Cwm Taf Morgannwg University Health Board","medical_acute",684.550007,527.490001,77.0565
"Apr-21","7A5","Cwm Taf Morgannwg University Health Board","medical_acute",653.089999,523.810002,80.2049
"May-21","7A5","Cwm Taf Morgannwg University Health Board","medical_acute",663.779992,559.360001,84.2689
"Jun-21","7A5","Cwm Taf Morgannwg University Health Board","medical_acute",693.820006,543.469996,78.3301
"Jul-21","7A5","Cwm Taf Morgannwg University Health Board","medical_acute",704.019999,562.06999,79.8372
"Aug-21","7A5","Cwm Taf Morgannwg University Health Board","medical_acute",718.400003,570.45,79.4056
"Sep-21","7A5","Cwm Taf Morgannwg University Health Board","medical_acute",707.559996,572.979994,80.9797
"Oct-21","7A5","Cwm Taf Morgannwg University Health Board","medical_acute",715.789999,609.620017,85.1674
"Nov-21","7A5","Cwm Taf Morgannwg University Health Board","medical_acute",760.35,623.669997,82.0241
"Dec-21","7A5","Cwm Taf Morgannwg University Health Board","medical_acute",724.179991,576.79,79.6473
"Jan-22","7A5","Cwm Taf Morgannwg University Health Board","medical_acute",747.179998,613.459999,82.1034
"Feb-22","7A5","Cwm Taf Morgannwg University Health Board","medical_acute",705.040001,582.040003,82.5542
"Mar-22","7A5","Cwm Taf Morgannwg University Health Board","medical_acute",654.609997,539.420001,82.4033
"Jan-21","7A5","Cwm Taf Morgannwg University Health Board","mental_illness",235.800001,188.35,79.877
"Feb-21","7A5","Cwm Taf Morgannwg University Health Board","mental_illness",233.369999,187.629999,80.4002
"Mar-21","7A5","Cwm Taf Morgannwg University Health Board","mental_illness",232.300001,179.390001,77.2234
"Apr-21","7A5","Cwm Taf Morgannwg University Health Board","mental_illness",229.900002,170.830003,74.3062
"May-21","7A5","Cwm Taf Morgannwg University Health Board","mental_illness",233.700001,162.229998,69.4181
"Jun-21","7A5","Cwm Taf Morgannwg University Health Board","mental_illness",218.200003,170.1,77.956
"Jul-21","7A5","Cwm Taf Morgannwg University Health Board","mental_illness",206.08,172.14,83.5307
"Aug-21","7A5","Cwm Taf Morgannwg University Health Board","mental_illness",202.299999,168.789998,83.4355
"Sep-21","7A5","Cwm Taf Morgannwg University Health Board","mental_illness",214.73,184.16,85.7635
"Oct-21","7A5","Cwm Taf Morgannwg University Health Board","mental_illness",212.709999,188.140002,88.4491
"Nov-21","7A5","Cwm Taf Morgannwg University Health Board","mental_illness",208.100003,195.680001,94.0317
"Dec-21","7A5","Cwm Taf Morgannwg University Health Board","mental_illness",205.990003,190.829999,92.6404
"Jan-22","7A5","Cwm Taf Morgannwg University Health Board","mental_illness",214.91,192.14,89.4049
"Feb-22","7A5","Cwm Taf Morgannwg University Health Board","mental_illness",212,188.179999,88.7642
"Mar-22","7A5","Cwm Taf Morgannwg University Health Board","mental_illness",212.059999,198.349999,93.5348
"Jan-21","7A5","Cwm Taf Morgannwg University Health Board","surgical_acute",302.720004,192.950001,63.7388
"Feb-21","7A5","Cwm Taf Morgannwg University Health Board","surgical_acute",350.490004,210.59,60.0845
"Mar-21","7A5","Cwm Taf Morgannwg University Health Board","surgical_acute",388.430005,219.659998,56.5507
"Apr-21","7A5","Cwm Taf Morgannwg University Health Board","surgical_acute",433.490003,250.440002,57.773
"May-21","7A5","Cwm Taf Morgannwg University Health Board","surgical_acute",407.870009,242.03,59.34
"Jun-21","7A5","Cwm Taf Morgannwg University Health Board","surgical_acute",379.229995,225.730003,59.5232
"Jul-21","7A5","Cwm Taf Morgannwg University Health Board","surgical_acute",363.610002,227.069999,62.4488
"Aug-21","7A5","Cwm Taf Morgannwg University Health Board","surgical_acute",360.829997,248.470002,68.8607
"Sep-21","7A5","Cwm Taf Morgannwg University Health Board","surgical_acute",373.900006,258.999997,69.2699
"Oct-21","7A5","Cwm Taf Morgannwg University Health Board","surgical_acute",348.900005,246.219999,70.5704
"Nov-21","7A5","Cwm Taf Morgannwg University Health Board","surgical_acute",324.539999,236.169999,72.7707
"Dec-21","7A5","Cwm Taf Morgannwg University Health Board","surgical_acute",366.999998,239.380003,65.2262
"Jan-22","7A5","Cwm Taf Morgannwg University Health Board","surgical_acute",323.229998,233.889996,72.3602
"Feb-22","7A5","Cwm Taf Morgannwg University Health Board","surgical_acute",345.47,262.590001,76.0095
"Mar-22","7A5","Cwm Taf Morgannwg University Health Board","surgical_acute",347.189998,265.970004,76.6065
"Jan-21","7A2","Hywel Dda University Health Board","all_specialties",1135.050009,839.260009,73.9404
"Feb-21","7A2","Hywel Dda University Health Board","all_specialties",1132.36001,831.47,73.4281
"Mar-21","7A2","Hywel Dda University Health Board","all_specialties",1137.000007,897.379998,78.9252
"Apr-21","7A2","Hywel Dda University Health Board","all_specialties",1137.000007,893.129995,78.5515
"May-21","7A2","Hywel Dda University Health Board","all_specialties",1113.000006,865.950001,77.8032
"Jun-21","7A2","Hywel Dda University Health Board","all_specialties",1147.230003,980.549996,85.4711
"Jul-21","7A2","Hywel Dda University Health Board","all_specialties",1124.830005,932.219998,82.8765
"Aug-21","7A2","Hywel Dda University Health Board","all_specialties",1134.000008,955.849995,84.2901
"Sep-21","7A2","Hywel Dda University Health Board","all_specialties",1129.020001,960.250001,85.0516
"Oct-21","7A2","Hywel Dda University Health Board","all_specialties",1129.000008,945.480005,83.7449
"Nov-21","7A2","Hywel Dda University Health Board","all_specialties",1133.000009,950.130002,83.8597
"Dec-21","7A2","Hywel Dda University Health Board","all_specialties",1124.970011,957.32,85.0974
"Jan-22","7A2","Hywel Dda University Health Board","all_specialties",1105.970005,952.61,86.1334
"Feb-22","7A2","Hywel Dda University Health Board","all_specialties",1086.049998,960.70999,88.4591
"Mar-22","7A2","Hywel Dda University Health Board","all_specialties",1095.470005,978.850001,89.3543
"Jan-21","7A2","Hywel Dda University Health Board","geriatric_medicine",1.4,0.26,18.5714
"Feb-21","7A2","Hywel Dda University Health Board","geriatric_medicine",1.4,1,71.4286
"Mar-21","7A2","Hywel Dda University Health Board","geriatric_medicine",1.4,0.35,25
"Apr-21","7A2","Hywel Dda University Health Board","geriatric_medicine",1.4,0.35,25
"May-21","7A2","Hywel Dda University Health Board","geriatric_medicine",1.4,0.9,64.2857
"Jun-21","7A2","Hywel Dda University Health Board","geriatric_medicine",14.1,14.07,99.7872
"Jul-21","7A2","Hywel Dda University Health Board","geriatric_medicine",15.18,15.14,99.7365
"Aug-21","7A2","Hywel Dda University Health Board","geriatric_medicine",20.180001,15.14,75.0248
"Sep-21","7A2","Hywel Dda University Health Board","geriatric_medicine",12,10.77,89.75
"Oct-21","7A2","Hywel Dda University Health Board","geriatric_medicine",12,10.6,88.3333
"Nov-21","7A2","Hywel Dda University Health Board","geriatric_medicine",13.23,11.83,89.418
"Dec-21","7A2","Hywel Dda University Health Board","geriatric_medicine",13.23,11.83,89.418
"Jan-22","7A2","Hywel Dda University Health Board","geriatric_medicine",13.23,11.83,89.418
"Feb-22","7A2","Hywel Dda University Health Board","geriatric_medicine",13.33,12.75,95.6489
"Mar-22","7A2","Hywel Dda University Health Board","geriatric_medicine",7.79,7.21,92.5546
"Jan-21","7A2","Hywel Dda University Health Board","maternity",38.530001,15.47,40.1505
"Feb-21","7A2","Hywel Dda University Health Board","maternity",38.530001,20.08,52.1152
"Mar-21","7A2","Hywel Dda University Health Board","maternity",38.530001,19.290001,50.0649
"Apr-21","7A2","Hywel Dda University Health Board","maternity",38.530001,19.2,49.8313
"May-21","7A2","Hywel Dda University Health Board","maternity",40.530001,18.06,44.5596
"Jun-21","7A2","Hywel Dda University Health Board","maternity",42.040001,24.58,58.4681
"Jul-21","7A2","Hywel Dda University Health Board","maternity",42.040001,23.470001,55.8278
"Aug-21","7A2","Hywel Dda University Health Board","maternity",42.040001,22.809999,54.2578
"Sep-21","7A2","Hywel Dda University Health Board","maternity",42.04,23.729999,56.4462
"Oct-21","7A2","Hywel Dda University Health Board","maternity",42.040001,24.229999,57.6356
"Nov-21","7A2","Hywel Dda University Health Board","maternity",42.040001,24,57.0885
"Dec-21","7A2","Hywel Dda University Health Board","maternity",42.040001,23.8,56.6127
"Jan-22","7A2","Hywel Dda University Health Board","maternity",42.040001,22.950001,54.5909
"Feb-22","7A2","Hywel Dda University Health Board","maternity",39.040001,20.96,53.6885
"Mar-22","7A2","Hywel Dda University Health Board","maternity",38.040001,20.36,53.5226
"Jan-21","7A2","Hywel Dda University Health Board","medical_acute",670.190007,537.48001,80.1982
"Feb-21","7A2","Hywel Dda University Health Board","medical_acute",666.200007,520.109998,78.0711
"Mar-21","7A2","Hywel Dda University Health Board","medical_acute",666.700005,555.029999,83.2503
"Apr-21","7A2","Hywel Dda University Health Board","medical_acute",674.340004,560.869995,83.1732
"May-21","7A2","Hywel Dda University Health Board","medical_acute",640.340003,534.450002,83.4635
"Jun-21","7A2","Hywel Dda University Health Board","medical_acute",668.790001,597.089996,89.2791
"Jul-21","7A2","Hywel Dda University Health Board","medical_acute",643.660002,562.829995,87.4421
"Aug-21","7A2","Hywel Dda University Health Board","medical_acute",641.120004,578.999994,90.3107
"Sep-21","7A2","Hywel Dda University Health Board","medical_acute",658.039999,596.440001,90.6389
"Oct-21","7A2","Hywel Dda University Health Board","medical_acute",647.610005,594.470003,91.7944
"Nov-21","7A2","Hywel Dda University Health Board","medical_acute",648.100007,589.720001,90.9921
"Dec-21","7A2","Hywel Dda University Health Board","medical_acute",660.560009,600.719999,90.941
"Jan-22","7A2","Hywel Dda University Health Board","medical_acute",645.340007,601.07,93.14
"Feb-22","7A2","Hywel Dda University Health Board","medical_acute",650.729999,605.249988,93.0109
"Mar-22","7A2","Hywel Dda University Health Board","medical_acute",664.140006,618.710002,93.1596
"Jan-21","7A2","Hywel Dda University Health Board","mental_illness",96,88.81,92.5104
"Feb-21","7A2","Hywel Dda University Health Board","mental_illness",96,90.85,94.6354
"Mar-21","7A2","Hywel Dda University Health Board","mental_illness",96,87.519999,91.1667
"Apr-21","7A2","Hywel Dda University Health Board","mental_illness",96,88.499999,92.1875
"May-21","7A2","Hywel Dda University Health Board","mental_illness",96,88.489999,92.1771
"Jun-21","7A2","Hywel Dda University Health Board","mental_illness",96,87.900001,91.5625
"Jul-21","7A2","Hywel Dda University Health Board","mental_illness",96,89.34,93.0625
"Aug-21","7A2","Hywel Dda University Health Board","mental_illness",96,90.2,93.9583
"Sep-21","7A2","Hywel Dda University Health Board","mental_illness",96,90.3,94.0625
"Oct-21","7A2","Hywel Dda University Health Board","mental_illness",96,82.6,86.0417
"Nov-21","7A2","Hywel Dda University Health Board","mental_illness",96,90.4,94.1667
"Dec-21","7A2","Hywel Dda University Health Board","mental_illness",100,91.2,91.2
"Jan-22","7A2","Hywel Dda University Health Board","mental_illness",100,93.500001,93.5
"Feb-22","7A2","Hywel Dda University Health Board","mental_illness",100,95.6,95.6
"Mar-22","7A2","Hywel Dda University Health Board","mental_illness",100,96.200001,96.2
"Jan-21","7A2","Hywel Dda University Health Board","surgical_acute",231.690002,146.92,63.4123
"Feb-21","7A2","Hywel Dda University Health Board","surgical_acute",230.540002,156.740001,67.9882
"Mar-21","7A2","Hywel Dda University Health Board","surgical_acute",235.180002,173.1,73.6032
"Apr-21","7A2","Hywel Dda University Health Board","surgical_acute",234.540002,172.150002,73.399
"May-21","7A2","Hywel Dda University Health Board","surgical_acute",242.540002,166.15,68.5042
"Jun-21","7A2","Hywel Dda University Health Board","surgical_acute",241.760001,188.899998,78.1353
"Jul-21","7A2","Hywel Dda University Health Board","surgical_acute",242.760002,179.050002,73.756
"Aug-21","7A2","Hywel Dda University Health Board","surgical_acute",249.470002,186.340002,74.6944
"Sep-21","7A2","Hywel Dda University Health Board","surgical_acute",235.750001,173.44,73.5695
"Oct-21","7A2","Hywel Dda University Health Board","surgical_acute",246.160001,168.990003,68.6505
"Nov-21","7A2","Hywel Dda University Health Board","surgical_acute",248.440001,166.440001,66.994
"Dec-21","7A2","Hywel Dda University Health Board","surgical_acute",225.950001,164.550001,72.8258
"Jan-22","7A2","Hywel Dda University Health Board","surgical_acute",226.269997,167.589998,74.0664
"Feb-22","7A2","Hywel Dda University Health Board","surgical_acute",204.349998,163.120002,79.8238
"Mar-22","7A2","Hywel Dda University Health Board","surgical_acute",210.619998,174.719999,82.9551
"Jan-21","7A7","Powys Teaching Health Board","all_specialties",190,145.47,76.5632
"Feb-21","7A7","Powys Teaching Health Board","all_specialties",193,140.790001,72.9482
"Mar-21","7A7","Powys Teaching Health Board","all_specialties",208,159.970003,76.9087
"Apr-21","7A7","Powys Teaching Health Board","all_specialties",210,171.990001,81.9
"May-21","7A7","Powys Teaching Health Board","all_specialties",208,173.71,83.5144
"Jun-21","7A7","Powys Teaching Health Board","all_specialties",205,176.5,86.0976
"Jul-21","7A7","Powys Teaching Health Board","all_specialties",202,166.23,82.2921
"Aug-21","7A7","Powys Teaching Health Board","all_specialties",202,160.869999,79.6386
"Sep-21","7A7","Powys Teaching Health Board","all_specialties",202,162.46,80.4257
"Oct-21","7A7","Powys Teaching Health Board","all_specialties",205,167.029998,81.478
"Nov-21","7A7","Powys Teaching Health Board","all_specialties",203,166.589998,82.064
"Dec-21","7A7","Powys Teaching Health Board","all_specialties",208,166.119999,79.8654
"Jan-22","7A7","Powys Teaching Health Board","all_specialties",206,166.9,81.0194
"Feb-22","7A7","Powys Teaching Health Board","all_specialties",205,165.32,80.6439
"Mar-22","7A7","Powys Teaching Health Board","all_specialties",211,166.76,79.0332
"Jan-21","7A7","Powys Teaching Health Board","geriatric_medicine",38,32.87,86.5
"Feb-21","7A7","Powys Teaching Health Board","geriatric_medicine",41,35.720001,87.122
"Mar-21","7A7","Powys Teaching Health Board","geriatric_medicine",38,35.220001,92.6842
"Apr-21","7A7","Powys Teaching Health Board","geriatric_medicine",36,32.869999,91.3056
"May-21","7A7","Powys Teaching Health Board","geriatric_medicine",39,37,94.8718
"Jun-21","7A7","Powys Teaching Health Board","geriatric_medicine",37,35.57,96.1351
"Jul-21","7A7","Powys Teaching Health Board","geriatric_medicine",37,36.26,98
"Aug-21","7A7","Powys Teaching Health Board","geriatric_medicine",35,32.65,93.2857
"Sep-21","7A7","Powys Teaching Health Board","geriatric_medicine",36,33.8,93.8889
"Oct-21","7A7","Powys Teaching Health Board","geriatric_medicine",36,33.769999,93.8056
"Nov-21","7A7","Powys Teaching Health Board","geriatric_medicine",38,36.07,94.9211
"Dec-21","7A7","Powys Teaching Health Board","geriatric_medicine",34,33.259999,97.8235
"Jan-22","7A7","Powys Teaching Health Board","geriatric_medicine",35,33.42,95.4857
"Feb-22","7A7","Powys Teaching Health Board","geriatric_medicine",34,30.89,90.8529
"Mar-22","7A7","Powys Teaching Health Board","geriatric_medicine",39,34.77,89.1538
"Jan-21","7A7","Powys Teaching Health Board","maternity",8.7,0.25,2.8736
"Feb-21","7A7","Powys Teaching Health Board","maternity",12,0.18,1.5
"Mar-21","7A7","Powys Teaching Health Board","maternity",12,0.12,1
"Apr-21","7A7","Powys Teaching Health Board","maternity",12,0.19,1.5833
"May-21","7A7","Powys Teaching Health Board","maternity",12,0.21,1.75
"Jun-21","7A7","Powys Teaching Health Board","maternity",11,0.29,2.6364
"Jul-21","7A7","Powys Teaching Health Board","maternity",12,0.19,1.5833
"Aug-21","7A7","Powys Teaching Health Board","maternity",12,0.09,0.75
"Sep-21","7A7","Powys Teaching Health Board","maternity",12,0.23,1.9167
"Oct-21","7A7","Powys Teaching Health Board","maternity",13,0.21,1.6154
"Nov-21","7A7","Powys Teaching Health Board","maternity",10,0.23,2.3
"Dec-21","7A7","Powys Teaching Health Board","maternity",12,0.16,1.3333
"Jan-22","7A7","Powys Teaching Health Board","maternity",12,0.15,1.25
"Feb-22","7A7","Powys Teaching Health Board","maternity",11,0.07,0.6364
"Mar-22","7A7","Powys Teaching Health Board","maternity",11,0.03,0.2727
"Jan-21","7A7","Powys Teaching Health Board","medical_acute",2,1.58,79
"Feb-21","7A7","Powys Teaching Health Board","medical_acute",2,1.39,69.5
"Sep-21","7A7","Powys Teaching Health Board","medical_acute",1,0.03,3
"Jan-21","7A7","Powys Teaching Health Board","mental_illness",31,21.16,68.2581
"Feb-21","7A7","Powys Teaching Health Board","mental_illness",34,18.07,53.1471
"Mar-21","7A7","Powys Teaching Health Board","mental_illness",34,22.65,66.6176
"Apr-21","7A7","Powys Teaching Health Board","mental_illness",36,28.9,80.2778
"May-21","7A7","Powys Teaching Health Board","mental_illness",35,30.750001,87.8571
"Jun-21","7A7","Powys Teaching Health Board","mental_illness",33,28.6,86.6667
"Jul-21","7A7","Powys Teaching Health Board","mental_illness",36,28.420001,78.9444
"Aug-21","7A7","Powys Teaching Health Board","mental_illness",35,27.03,77.2286
"Sep-21","7A7","Powys Teaching Health Board","mental_illness",36,27.2,75.5556
"Oct-21","7A7","Powys Teaching Health Board","mental_illness",34,30.06,88.4118
"Nov-21","7A7","Powys Teaching Health Board","mental_illness",33,27.2,82.4242
"Dec-21","7A7","Powys Teaching Health Board","mental_illness",36,29.219999,81.1667
"Jan-22","7A7","Powys Teaching Health Board","mental_illness",36,29.739999,82.6111
"Feb-22","7A7","Powys Teaching Health Board","mental_illness",36,29.829999,82.8611
"Mar-22","7A7","Powys Teaching Health Board","mental_illness",36,27.93,77.5833
"Jan-21","7A7","Powys Teaching Health Board","surgical_acute",7,0,0
"Feb-21","7A7","Powys Teaching Health Board","surgical_acute",8,0,0
"Mar-21","7A7","Powys Teaching Health Board","surgical_acute",8,0,0
"Apr-21","7A7","Powys Teaching Health Board","surgical_acute",8,0,0
"May-21","7A7","Powys Teaching Health Board","surgical_acute",7,0,0
"Jun-21","7A7","Powys Teaching Health Board","surgical_acute",8,0,0
"Jul-21","7A7","Powys Teaching Health Board","surgical_acute",8,0,0
"Aug-21","7A7","Powys Teaching Health Board","surgical_acute",9,1,11.1111
"Sep-21","7A7","Powys Teaching Health Board","surgical_acute",8,0,0
"Oct-21","7A7","Powys Teaching Health Board","surgical_acute",8,0,0
"Nov-21","7A7","Powys Teaching Health Board","surgical_acute",8,0,0
"Dec-21","7A7","Powys Teaching Health Board","surgical_acute",8,0,0
"Jan-22","7A7","Powys Teaching Health Board","surgical_acute",8,0,0
"Feb-22","7A7","Powys Teaching Health Board","surgical_acute",8,0,0
"Mar-22","7A7","Powys Teaching Health Board","surgical_acute",8,0,0
"Jan-21","7A3","Swansea Bay University Health Board","all_specialties",1503.700014,1195.700002,79.5172
"Feb-21","7A3","Swansea Bay University Health Board","all_specialties",1492.700006,1179.520011,79.0192
"Mar-21","7A3","Swansea Bay University Health Board","all_specialties",1501.90001,1212.3,80.7178
"Apr-21","7A3","Swansea Bay University Health Board","all_specialties",1512.999989,1223.259989,80.85
"May-21","7A3","Swansea Bay University Health Board","all_specialties",1539.300012,1262.500007,82.0178
"Jun-21","7A3","Swansea Bay University Health Board","all_specialties",1516.299997,1276.219996,84.1667
"Jul-21","7A3","Swansea Bay University Health Board","all_specialties",1514.700004,1261.239995,83.2667
"Aug-21","7A3","Swansea Bay University Health Board","all_specialties",1504.939992,1264.589997,84.0293
"Sep-21","7A3","Swansea Bay University Health Board","all_specialties",1541.530004,1310.279999,84.9987
"Oct-21","7A3","Swansea Bay University Health Board","all_specialties",1577.199998,1317.089994,83.5081
"Nov-21","7A3","Swansea Bay University Health Board","all_specialties",1561.229997,1321.319997,84.6333
"Dec-21","7A3","Swansea Bay University Health Board","all_specialties",1538.389994,1261.120001,81.9766
"Jan-22","7A3","Swansea Bay University Health Board","all_specialties",1551.620018,1297.329996,83.6113
"Feb-22","7A3","Swansea Bay University Health Board","all_specialties",1534.560001,1299.56,84.6862
"Mar-22","7A3","Swansea Bay University Health Board","all_specialties",1541.039995,1293.799999,83.9563
"Jan-21","7A3","Swansea Bay University Health Board","geriatric_medicine",49.6,46.099998,92.9435
"Feb-21","7A3","Swansea Bay University Health Board","geriatric_medicine",48.9,45.400002,92.8425
"Mar-21","7A3","Swansea Bay University Health Board","geriatric_medicine",47.5,45,94.7368
"Apr-21","7A3","Swansea Bay University Health Board","geriatric_medicine",47.300001,45.200001,95.5603
"May-21","7A3","Swansea Bay University Health Board","geriatric_medicine",46.699999,45.199999,96.788
"Jun-21","7A3","Swansea Bay University Health Board","geriatric_medicine",49.200001,47.900001,97.3577
"Jul-21","7A3","Swansea Bay University Health Board","geriatric_medicine",48.899999,48.099999,98.364
"Aug-21","7A3","Swansea Bay University Health Board","geriatric_medicine",51.51,49.970001,97.0103
"Sep-21","7A3","Swansea Bay University Health Board","geriatric_medicine",47.51,45.29,95.3273
"Oct-21","7A3","Swansea Bay University Health Board","geriatric_medicine",58.079998,43.090001,74.1908
"Nov-21","7A3","Swansea Bay University Health Board","geriatric_medicine",45.829999,41.39,90.312
"Dec-21","7A3","Swansea Bay University Health Board","geriatric_medicine",52.130001,51.550001,98.8874
"Jan-22","7A3","Swansea Bay University Health Board","geriatric_medicine",54.099998,53.839999,99.5194
"Feb-22","7A3","Swansea Bay University Health Board","geriatric_medicine",66.32,51.289999,77.3372
"Mar-22","7A3","Swansea Bay University Health Board","geriatric_medicine",56.590001,54.08,95.5646
"Jan-21","7A3","Swansea Bay University Health Board","maternity",68,26.8,39.4118
"Feb-21","7A3","Swansea Bay University Health Board","maternity",68,29.999999,44.1176
"Mar-21","7A3","Swansea Bay University Health Board","maternity",68,28.6,42.0588
"Apr-21","7A3","Swansea Bay University Health Board","maternity",68.200001,30.499999,44.7214
"May-21","7A3","Swansea Bay University Health Board","maternity",69.5,33.399998,48.0576
"Jun-21","7A3","Swansea Bay University Health Board","maternity",71.099998,33.7,47.398
"Jul-21","7A3","Swansea Bay University Health Board","maternity",70.700001,34.600002,48.9392
"Aug-21","7A3","Swansea Bay University Health Board","maternity",70.389999,32.45,46.1003
"Sep-21","7A3","Swansea Bay University Health Board","maternity",69.529999,34.070001,49.0004
"Oct-21","7A3","Swansea Bay University Health Board","maternity",70.32,34.77,49.4454
"Nov-21","7A3","Swansea Bay University Health Board","maternity",70.5,32.07,45.4894
"Dec-21","7A3","Swansea Bay University Health Board","maternity",71.099998,27.77,39.0577
"Jan-22","7A3","Swansea Bay University Health Board","maternity",70.23,31.9,45.4222
"Feb-22","7A3","Swansea Bay University Health Board","maternity",70.389999,31.709999,45.049
"Mar-22","7A3","Swansea Bay University Health Board","maternity",70.259998,29.35,41.7734
"Jan-21","7A3","Swansea Bay University Health Board","medical_acute",735.700015,642.000003,87.2638
"Feb-21","7A3","Swansea Bay University Health Board","medical_acute",691.3,606.000005,87.6609
"Mar-21","7A3","Swansea Bay University Health Board","medical_acute",690.900003,612.399997,88.638
"Apr-21","7A3","Swansea Bay University Health Board","medical_acute",695.099995,611.199989,87.9298
"May-21","7A3","Swansea Bay University Health Board","medical_acute",725.90001,636.600005,87.698
"Jun-21","7A3","Swansea Bay University Health Board","medical_acute",707.500001,641.699997,90.6996
"Jul-21","7A3","Swansea Bay University Health Board","medical_acute",702.400004,639.599997,91.0592
"Aug-21","7A3","Swansea Bay University Health Board","medical_acute",694.669996,634.939998,91.4017
"Sep-21","7A3","Swansea Bay University Health Board","medical_acute",724.42,664.549998,91.7355
"Oct-21","7A3","Swansea Bay University Health Board","medical_acute",745.120001,685.829992,92.0429
"Nov-21","7A3","Swansea Bay University Health Board","medical_acute",755.56,685.519993,90.7301
"Dec-21","7A3","Swansea Bay University Health Board","medical_acute",721.219999,638.949996,88.5929
"Jan-22","7A3","Swansea Bay University Health Board","medical_acute",715.010014,638.219999,89.2603
"Feb-22","7A3","Swansea Bay University Health Board","medical_acute",722.690004,647.750006,89.6304
"Mar-22","7A3","Swansea Bay University Health Board","medical_acute",712.819992,627.729999,88.0629
"Jan-21","7A3","Swansea Bay University Health Board","mental_illness",263,203.899999,77.5285
"Feb-21","7A3","Swansea Bay University Health Board","mental_illness",262.299999,196.520002,74.9218
"Mar-21","7A3","Swansea Bay University Health Board","mental_illness",262.700001,199.300001,75.866
"Apr-21","7A3","Swansea Bay University Health Board","mental_illness",261.299999,207.660002,79.4719
"May-21","7A3","Swansea Bay University Health Board","mental_illness",268.700001,221.500001,82.4339
"Jun-21","7A3","Swansea Bay University Health Board","mental_illness",267.900001,220.02,82.1277
"Jul-21","7A3","Swansea Bay University Health Board","mental_illness",257.999999,202.839997,78.6202
"Aug-21","7A3","Swansea Bay University Health Board","mental_illness",253.889999,209.389999,82.4727
"Sep-21","7A3","Swansea Bay University Health Board","mental_illness",265.599999,217.420002,81.8599
"Oct-21","7A3","Swansea Bay University Health Board","mental_illness",265.54,214.659998,80.839
"Nov-21","7A3","Swansea Bay University Health Board","mental_illness",265.27,232.260001,87.5561
"Dec-21","7A3","Swansea Bay University Health Board","mental_illness",264.870001,220.230001,83.1464
"Jan-22","7A3","Swansea Bay University Health Board","mental_illness",266.5,217.639997,81.666
"Feb-22","7A3","Swansea Bay University Health Board","mental_illness",248.639999,220.759998,88.787
"Mar-22","7A3","Swansea Bay University Health Board","mental_illness",250.48,223.56,89.2526
"Jan-21","7A3","Swansea Bay University Health Board","surgical_acute",285.299999,212.700001,74.5531
"Feb-21","7A3","Swansea Bay University Health Board","surgical_acute",318.400007,237.300002,74.5289
"Mar-21","7A3","Swansea Bay University Health Board","surgical_acute",331.300006,263.800002,79.6257
"Apr-21","7A3","Swansea Bay University Health Board","surgical_acute",338.799993,263.999999,77.9221
"May-21","7A3","Swansea Bay University Health Board","surgical_acute",324.700003,258.800004,79.7043
"Jun-21","7A3","Swansea Bay University Health Board","surgical_acute",315.399997,265.099999,84.052
"Jul-21","7A3","Swansea Bay University Health Board","surgical_acute",329.000002,267.2,81.2158
"Aug-21","7A3","Swansea Bay University Health Board","surgical_acute",335.749996,274.209998,81.6709
"Sep-21","7A3","Swansea Bay University Health Board","surgical_acute",327.410004,276.989997,84.6003
"Oct-21","7A3","Swansea Bay University Health Board","surgical_acute",332.399999,266.290001,80.1113
"Nov-21","7A3","Swansea Bay University Health Board","surgical_acute",327.009998,259.580003,79.3798
"Dec-21","7A3","Swansea Bay University Health Board","surgical_acute",334.639994,251.710002,75.2181
"Jan-22","7A3","Swansea Bay University Health Board","surgical_acute",345.500006,285.38,82.5991
"Feb-22","7A3","Swansea Bay University Health Board","surgical_acute",343.299999,278.799997,81.2118
"Mar-22","7A3","Swansea Bay University Health Board","surgical_acute",355.410003,286.77,80.6871
"Jan-21","RQF","Velindre NHS Trust","all_specialties",49,8.65,17.6531
"Feb-21","RQF","Velindre NHS Trust","all_specialties",49,7.11,14.5102
"Mar-21","RQF","Velindre NHS Trust","all_specialties",49,9.52,19.4286
"Apr-21","RQF","Velindre NHS Trust","all_specialties",49,12.33,25.1633
"May-21","RQF","Velindre NHS Trust","all_specialties",49,13.81,28.1837
"Jun-21","RQF","Velindre NHS Trust","all_specialties",49,14.67,29.9388
"Jul-21","RQF","Velindre NHS Trust","all_specialties",49,14,28.5714
"Aug-21","RQF","Velindre NHS Trust","all_specialties",49,13.68,27.9184
"Sep-21","RQF","Velindre NHS Trust","all_specialties",49,14.67,29.9388
"Oct-21","RQF","Velindre NHS Trust","all_specialties",49,16.030001,32.7143
"Nov-21","RQF","Velindre NHS Trust","all_specialties",49,15.3,31.2245
"Dec-21","RQF","Velindre NHS Trust","all_specialties",49,12.81,26.1429
"Jan-22","RQF","Velindre NHS Trust","all_specialties",49,11.58,23.6327
"Feb-22","RQF","Velindre NHS Trust","all_specialties",49,13.14,26.8163
"Mar-22","RQF","Velindre NHS Trust","all_specialties",49,12.48,25.4694
